{
    "n_estimators": 0.3044387078366815,
    "criterion": 0.09268292682926829,
    "max_depth": 0.6288355250619402
}