{
    "rmse": 0.4447823010280582,
    "mae": 0.41701930129636866,
    "r2": 0.20775107820555627
}